# 출처: https://datalaw.kr/decisions/ · 기준일 2026-09-14 · 결정문 「이유」 절에서 기계 추출한 요약으로 정확성을 보증하지 않습니다. 근거로 쓰기 전에 결정문 원문을 확인하십시오 · 범위: 과징금 부과 사건 155건 중 백분율 문언이 적힌 120건, 행은 조문 단위 · 정정 요청: hyunsub.lee@seumlaw.com
의결일,안건번호,사건번호,피심인,과징금,산정 기준,조문,중대성,세부평가,1차 가중(%),1차 가중 사유,1차 감경(%),1차 감경 사유,2차 가중(%),2차 가중 사유,2차 감경(%),2차 감경 사유,사유 문언 미분류,피심인 주장 검토의견,행 주소,원문 게시물
2026-05-27,제2026-010-071호,2024조총0034-01 등 6건,㈜미소테크,"8,250만 원",과징금 부과기준(2023년 개정 이후),제29조,매우 중대한 위반행위,,50,위반기간 2년 초과,10; 30,이득 없음; 중기업·소기업 해당; 비영리법인·공공,,,20,시정 완료; 조사 협력,,불수용 2회; 일부수용 1회; 수용 1회,https://datalaw.kr/decisions/#mt-2026-010-071,https://www.pipc.go.kr/np/default/agenda.do?op=view&mCode=E030010000&idxId=2026-0392
2026-05-27,제2026-010-069호,2024조총0034-01 등 6건,국립농업과학원,"2,310만 원",과징금 부과기준(2023년 개정 이후),제29조,보통 위반행위,,50,위반기간 2년 초과,30,이득 없음,,,30,시정 완료; 조사 협력,,불수용 2회,https://datalaw.kr/decisions/#mt-2026-010-069,https://www.pipc.go.kr/np/default/agenda.do?op=view&mCode=E030010000&idxId=2026-0392
2026-05-27,제2026-010-068호,2024조총0034-01 등 6건,농촌진흥청,"1억 6,800만 원",과징금 부과기준(2023년 개정 이후),제29조,중대한 위반행위,,50,위반기간 2년 초과,30,이득 없음,,,30,시정 완료; 조사 협력,,불수용 1회; 수용 1회,https://datalaw.kr/decisions/#mt-2026-010-068,https://www.pipc.go.kr/np/default/agenda.do?op=view&mCode=E030010000&idxId=2026-0392
2026-05-27,제2026-010-066호,2024조총0034-01 등 6건,행정안전부,"2억 7,300만 원",과징금 부과기준(2023년 개정 이후),제29조,중대한 위반행위,,50,위반기간 2년 초과,30,이득 없음,,,30,시정 완료; 조사 협력,,불수용 3회; 수용 1회; 일부수용 1회,https://datalaw.kr/decisions/#mt-2026-010-066,https://www.pipc.go.kr/np/default/agenda.do?op=view&mCode=E030010000&idxId=2026-0392
2026-05-13,제2026-009-060호,2024조일0040,보람상조피플 주식회사,250만 원,과징금 부과기준(2023년 개정 이후),제26조,약한 위반행위,개인정보 유형 하; 고의·과실 하; 부당성 하,50,위반기간 2년 초과,30,이득 없음,,,30,시정 완료,,일부수용 2회; 수용 1회,https://datalaw.kr/decisions/#mt-2026-009-060,https://www.pipc.go.kr/np/default/agenda.do?op=view&mCode=E030010000&idxId=2026-0352
2026-05-13,제2026-009-059호,2024조일0040,보람상조라이프 주식회사,480만 원,과징금 부과기준(2023년 개정 이후),제26조,약한 위반행위,개인정보 유형 하; 고의·과실 하; 부당성 하,50,위반기간 2년 초과,30,이득 없음,,,30,시정 완료,,일부수용 2회; 수용 1회,https://datalaw.kr/decisions/#mt-2026-009-059,https://www.pipc.go.kr/np/default/agenda.do?op=view&mCode=E030010000&idxId=2026-0352
2026-05-13,제2026-009-058호,2024조일0040,보람상조리더스 주식회사,420만 원,과징금 부과기준(2023년 개정 이후),제26조,약한 위반행위,개인정보 유형 하; 고의·과실 하; 부당성 하,50,위반기간 2년 초과,30,이득 없음,,,30,시정 완료,,일부수용 2회; 수용 1회,https://datalaw.kr/decisions/#mt-2026-009-058,https://www.pipc.go.kr/np/default/agenda.do?op=view&mCode=E030010000&idxId=2026-0352
2026-05-13,제2026-009-057호,2024조일0040,보람상조개발 주식회사,"5억 3,100만 원",과징금 부과기준(2023년 개정 이후),제29조,보통 위반행위,개인정보 유형 하; 고의·과실 중; 부당성 중,50,위반기간 2년 초과,30,이득 없음,,,30,시정 완료,,불수용 1회; 일부수용 1회,https://datalaw.kr/decisions/#mt-2026-009-057,https://www.pipc.go.kr/np/default/agenda.do?op=view&mCode=E030010000&idxId=2026-0352
2026-04-22,제2026-007-053호,"2025조이0019, 0096",재단법인 금릉공원묘원,"5,420만 원",과징금 부과기준(2023년 개정 이후),제29조,매우 중대한 위반행위,개인정보 유형 상; 고의·과실 중; 부당성 중; 피해규모 중,50,위반기간 2년 초과,80,이득 없음; 비영리법인·공공,,,30,시정 완료; 조사 협력,,,https://datalaw.kr/decisions/#mt-2026-007-053,https://www.pipc.go.kr/np/default/agenda.do?op=view&mCode=E030010000&idxId=2026-0295
2026-04-22,제2026-007-053호,"2025조이0019, 0096",재단법인 금릉공원묘원,"5,420만 원",과징금 부과기준(2023년 개정 이후),제24조의2,매우 중대한 위반행위,개인정보 유형 상; 고의·과실 중; 부당성 중; 피해규모 중,50,위반기간 2년 초과,80,이득 없음; 비영리법인·공공,,,30,시정 완료; 조사 협력,,,https://datalaw.kr/decisions/#mt-2026-007-053,https://www.pipc.go.kr/np/default/agenda.do?op=view&mCode=E030010000&idxId=2026-0295
2026-04-22,제2026-007-052호,"2025조이0019, 0096",듀오정보 주식회사,"11억 9,700만 원",과징금 부과기준(2023년 개정 이후),제24조의2,매우 중대한 위반행위,개인정보 유형 상; 고의·과실 중; 부당성 중; 피해규모 상,50; 50,위반기간 2년 초과,55; 55,이득 없음; 중기업·소기업 해당,,,30; 30,시정 완료; 조사 협력,,,https://datalaw.kr/decisions/#mt-2026-007-052,https://www.pipc.go.kr/np/default/agenda.do?op=view&mCode=E030010000&idxId=2026-0295
2026-04-22,제2026-006-050호,2025조이0057,주식회사 케이에스한국고용정보,"35억 3,700만 원",과징금 부과기준(2023년 개정 이후),제29조,매우 중대한 위반행위,개인정보 유형 상; 고의·과실 중; 부당성 중; 피해규모 상,50,위반기간 2년 초과,30,이득 없음,,,40,시정 완료; 조사 협력; 그 밖에 줄일 필요,,,https://datalaw.kr/decisions/#mt-2026-006-050,https://www.pipc.go.kr/np/default/agenda.do?op=view&mCode=E030010000&idxId=2026-0294
2026-04-22,제2026-006-050호,2025조이0057,주식회사 케이에스한국고용정보,"35억 3,700만 원",과징금 부과기준(2023년 개정 이후),제24조의2,중대한 위반행위,개인정보 유형 상; 고의·과실 하; 부당성 중; 피해규모 중,50,위반기간 2년 초과,30,이득 없음,,,30,시정 완료; 조사 협력,,,https://datalaw.kr/decisions/#mt-2026-006-050,https://www.pipc.go.kr/np/default/agenda.do?op=view&mCode=E030010000&idxId=2026-0294
2026-04-08,제2026-006-051호,2024조일0071,"Cristie, Manson & Woods, Ltd","2억 8,000만 원",과징금 부과기준(2023년 개정 이후),제24조의2,중대한 위반행위,개인정보 유형 상; 고의·과실 중; 부당성 중; 피해규모 하,50,위반기간 2년 초과,30,이득 없음,,,30,시정 완료,,일부수용 2회,https://datalaw.kr/decisions/#mt-2026-006-051,https://www.pipc.go.kr/np/default/agenda.do?op=view&mCode=E030010000&idxId=2026-0245
2026-04-08,제2026-006-051호,2024조일0071,"Cristie, Manson & Woods, Ltd","2억 8,000만 원",과징금 부과기준(2023년 개정 이후),제29조,매우 중대한 위반행위,개인정보 유형 상; 고의·과실 중; 부당성 중; 피해규모 중,50,위반기간 2년 초과,30,이득 없음,,,30,시정 완료,,일부수용 2회,https://datalaw.kr/decisions/#mt-2026-006-051,https://www.pipc.go.kr/np/default/agenda.do?op=view&mCode=E030010000&idxId=2026-0245
2026-03-25,제2026-005-025호,"2023조총0042, 2024조총0025",강북구청,"3억 7,800만 원",과징금 부과기준(2023년 개정 이후),제29조,중대한 위반행위,,50,위반기간 2년 초과,30,이득 없음,,,30,조사 협력,,,https://datalaw.kr/decisions/#mt-2026-005-025,https://www.pipc.go.kr/np/default/agenda.do?op=view&mCode=E030010000&idxId=2026-0204
2026-03-25,제2025-026-305호,"2023조총0042, 2024조총0025",공무원연금공단,"5억 3,200만 원",과징금 부과기준(2023년 개정 이후),제24조제3항,매우 중대한 위반행위,,25,위반기간 1년 초과,30,이득 없음,,,20,시정 완료; 조사 협력; 인증 보유(ISMS-P 등),,,https://datalaw.kr/decisions/#mt-2025-026-305,https://www.pipc.go.kr/np/default/agenda.do?op=view&mCode=E030010000&idxId=2026-0204
2026-03-11,제2026-004-023호,2025조일0053-01,롯데카드 주식회사,"96억 2,000만 원",과징금 부과기준(2023년 개정 이후),제24조의2,매우 중대한 위반행위,,50,위반기간 2년 초과,30,이득 없음,,,20,시정 완료; 조사 협력; 인증 보유(ISMS-P 등),,불수용 3회; 일부수용 2회,https://datalaw.kr/decisions/#mt-2026-004-023,https://www.pipc.go.kr/np/default/agenda.do?op=view&mCode=E030010000&idxId=2026-0175
2026-01-28,제2026-002-004호,2024조삼0008~2024조삼0025,엔에이치엔커머스㈜,870만 원,과징금 부과기준(2023년 개정 이후),제29조,보통 위반행위,,50,위반기간 2년 초과,30,이득 없음,,,30,시정 완료; 조사 협력,,,https://datalaw.kr/decisions/#mt-2026-002-004,https://www.pipc.go.kr/np/default/agenda.do?op=view&mCode=E030010000&idxId=2026-0071
2026-01-28,제2026-002-003호,2025조총0045,한국연구재단,7억 300만 원,과징금 부과기준(2023년 개정 이후),제29조,매우 중대한 위반행위,,50,위반기간 2년 초과,30,이득 없음,,,30,조사 협력,,,https://datalaw.kr/decisions/#mt-2026-002-003,https://www.pipc.go.kr/np/default/agenda.do?op=view&mCode=E030010000&idxId=2026-0070
2025-12-10,제2025-026-308호,2024조총0009 등 3건,"K Games, Inc","1억 9,451만 9,000 원",舊 정보통신서비스 특례 과징금 기준,제29조,중대한 위반행위,,50,위반기간 2년 초과,50,최근 3년 처분 없음,,,20,조사 협력; 자진 신고,,,https://datalaw.kr/decisions/#mt-2025-026-308,https://www.pipc.go.kr/np/default/agenda.do?op=view&mCode=E030010000&idxId=2025-0907
2025-12-10,제2025-026-307호,2024조총0009 등 3건,(사)부산국제금융진흥원,"9,550만 원",과징금 부과기준(2023년 개정 이후),제29조,중대한 위반행위,개인정보 유형 상; 고의·과실 중; 부당성 중; 피해규모 하,50,위반기간 2년 초과,80,이득 없음; 비영리법인·공공,,,30,시정 완료; 조사 협력,,,https://datalaw.kr/decisions/#mt-2025-026-307,https://www.pipc.go.kr/np/default/agenda.do?op=view&mCode=E030010000&idxId=2025-0907
2025-12-10,제2025-026-306호,2024조총0009 등 3건,국립항공박물관,"9,800만 원",과징금 부과기준(2023년 개정 이후),제24조제3항,중대한 위반행위,,50,위반기간 2년 초과,30; 50,이득 없음,,,30,조사 협력,,,https://datalaw.kr/decisions/#mt-2025-026-306,https://www.pipc.go.kr/np/default/agenda.do?op=view&mCode=E030010000&idxId=2025-0907
2025-11-26,제2025-024-300호,2024조이0080 등 2건,㈜바텍엠시스,"5,520만 원",과징금 부과기준(2023년 개정 이후),제29조,중대한 위반행위,개인정보 유형 하; 고의·과실 중; 부당성 중; 피해규모 상,50; 30,위반기간 2년 초과,,이득 없음,,,30,시정 완료; 조사 협력,,,https://datalaw.kr/decisions/#mt-2025-024-300,https://www.pipc.go.kr/np/default/agenda.do?op=view&mCode=E030010000&idxId=2025-0865
2025-11-26,제2025-024-299호,2024조이0080 등 2건,㈜하스,"1억 3,300만 원",과징금 부과기준(2023년 개정 이후),제29조,중대한 위반행위,개인정보 유형 하; 고의·과실 중; 부당성 중; 피해규모 중,50,위반기간 2년 초과,55,이득 없음; 중기업·소기업 해당,,,30,시정 완료; 조사 협력,,,https://datalaw.kr/decisions/#mt-2025-024-299,https://www.pipc.go.kr/np/default/agenda.do?op=view&mCode=E030010000&idxId=2025-0865
2025-11-20,제2025-023-296호,2024조이0092,법무법인(유)로고스,"5억 2,300만 원",과징금 부과기준(2023년 개정 이후),제29조,매우 중대한 위반행위,고의·과실 중; 부당성 상,50,위반기간 2년 초과,55,이득 없음; 중기업·소기업 해당; 비영리법인·공공,,,10,시정 완료; 조사 협력,,,https://datalaw.kr/decisions/#mt-2025-023-296,https://www.pipc.go.kr/np/default/agenda.do?op=view&mCode=E030010000&idxId=2025-0851
2025-11-20,제2025-023-295호,2024조이0109 등 3건,㈜레저플러스,"6,120만 원",과징금 부과기준(2023년 개정 이후),제29조,중대한 위반행위,,50,위반기간 2년 초과,55,이득 없음; 중기업·소기업 해당,,,30,시정 완료; 조사 협력,,,https://datalaw.kr/decisions/#mt-2025-023-295,https://www.pipc.go.kr/np/default/agenda.do?op=view&mCode=E030010000&idxId=2025-0850
2025-11-20,제2025-023-293호,2024조이0109 등 3건,㈜이젠,"6,060만 원",과징금 부과기준(2023년 개정 이후),제29조,매우 중대한 위반행위,,50,위반기간 2년 초과,55,이득 없음; 중기업·소기업 해당,,,30,시정 완료; 조사 협력,,,https://datalaw.kr/decisions/#mt-2025-023-293,https://www.pipc.go.kr/np/default/agenda.do?op=view&mCode=E030010000&idxId=2025-0850
2025-10-22,제2025-022-256호,2025조이0034,비공개,"4억 6,300만 원",과징금 부과기준(2023년 개정 이후),제29조,매우 중대한 위반행위,,65,위반기간 2년 초과,55,이득 없음; 중기업·소기업 해당,,,20,시정 완료; 조사 협력,,,https://datalaw.kr/decisions/#mt-2025-022-256,https://www.pipc.go.kr/np/default/agenda.do?op=view&mCode=E030010000&idxId=2025-0786
2025-07-23,제2025-016-236호,"2024조일0043, 2023조총0051",(재)전남테크노파크,"9,800만 원",과징금 부과기준(2023년 개정 이후),제29조,중대한 위반행위,,50,위반기간 2년 초과,30; 50,이득 없음,,,30,조사 협력,,,https://datalaw.kr/decisions/#mt-2025-016-236,https://www.pipc.go.kr/np/default/agenda.do?op=view&mCode=E030010000&idxId=2025-0614
2025-07-23,제2025-016-235호,"2024조일0043, 2023조총0051",㈜해성디에스,"3억 4,300만 원",과징금 부과기준(2023년 개정 이후),제29조,매우 중대한 위반행위,,,,30,이득 없음,,,30,시정 완료; 조사 협력,,,https://datalaw.kr/decisions/#mt-2025-016-235,https://www.pipc.go.kr/np/default/agenda.do?op=view&mCode=E030010000&idxId=2025-0614
2025-07-23,제2025-016-233호,"2025조일0005, 0027",Qookka Entertainment Limited,"9,370만 원",과징금 부과기준(2023년 개정 이후),제24조의2,보통 위반행위,개인정보 유형 상; 고의·과실 중; 부당성 하,,,30,이득 없음,,,,,,,https://datalaw.kr/decisions/#mt-2025-016-233,https://www.pipc.go.kr/np/default/agenda.do?op=view&mCode=E030010000&idxId=2025-0615
2025-06-25,제2025-014-047호,"2023조일0021, 2024조일0027","TELUS International AI, Ltd","8,200만 원",과징금 부과기준(2023년 개정 이후),제29조,보통 위반행위,개인정보 유형 하; 고의·과실 중; 부당성 중,,,30,이득 없음,,,30,시정 완료,,,https://datalaw.kr/decisions/#mt-2025-014-047,https://www.pipc.go.kr/np/default/agenda.do?op=view&mCode=E030010000&idxId=2025-0542
2025-05-14,제2025-011-035호,"2024조일0013, 2025조일0025",Elementary Innovation Pte. Ltd,"4억 9,000만 원",과징금 부과기준(2023년 개정 이후),제24조의2,매우 중대한 위반행위,,,,,,,,30,시정 완료,,,https://datalaw.kr/decisions/#mt-2025-011-035,https://www.pipc.go.kr/np/default/agenda.do?op=view&mCode=E030010000&idxId=2025-0426
2025-05-14,제2024-013-193호,"2024조일0013, 2025조일0025",Whaleco Technology Limited,"8억 7,900만 원",과징금 부과기준(2023년 개정 이후),제28조의8,중대한 위반행위,,25,위반기간 1년 초과,,,30,조사 방해,,,,,https://datalaw.kr/decisions/#mt-2024-013-193,https://www.pipc.go.kr/np/default/agenda.do?op=view&mCode=E030010000&idxId=2025-0426
2025-04-09,제2025-008-025호,"2024조이0081, 2023조이0014",㈜케이티알파,"491만 5,000 원",舊 정보통신서비스 특례 과징금 기준,제29조,보통 위반행위,,25,위반기간 1년 초과,50,최근 3년 처분 없음,,,30,조사 협력; 인증 보유(ISMS-P 등); 자진 신고,,,https://datalaw.kr/decisions/#mt-2025-008-025,https://www.pipc.go.kr/np/default/agenda.do?op=view&mCode=E030010000&idxId=2025-0272
2025-04-09,제2025-008-024호,"2024조이0081, 2023조이0014",㈜클래스유,"5,360만 원",과징금 부과기준(2023년 개정 이후),제29조,중대한 위반행위,고의·과실 중,50,위반기간 2년 초과,45,이득 없음; 중기업·소기업 해당,,,30,시정 완료; 조사 협력,,,https://datalaw.kr/decisions/#mt-2025-008-024,https://www.pipc.go.kr/np/default/agenda.do?op=view&mCode=E030010000&idxId=2025-0272
2025-01-22,제2025-002-005호,2023조이0130 등 2건,㈜동행복권,5억 300만 원,과징금 부과기준(2023년 개정 이후),제29조,중대한 위반행위,,50,위반기간 2년 초과,30,이득 없음,,,30; 50,조사 협력; 인증 보유(ISMS-P 등),,,https://datalaw.kr/decisions/#mt-2025-002-005,https://www.pipc.go.kr/np/default/agenda.do?op=view&mCode=E030010000&idxId=2025-0074
2025-01-22,제2024-011-187호,2023조이0130 등 2건,에스케이스토아㈜,"14억 3,200만 원",과징금 부과기준(2023년 개정 이후),제29조,보통 위반행위,,50,위반기간 2년 초과,30,이득 없음,,,50,시정 완료; 조사 협력,,,https://datalaw.kr/decisions/#mt-2024-011-187,https://www.pipc.go.kr/np/default/agenda.do?op=view&mCode=E030010000&idxId=2025-0074
2025-01-08,제2025-001-001호,2023조총0053,법원행정처,2억 700만 원,舊 주민등록번호 유출 과징금 기준,제24조제3항,,,20,세부평가 점수,,세부평가 점수,,,25,인증 보유(ISMS-P 등); 세부평가 점수,,,https://datalaw.kr/decisions/#mt-2025-001-001,https://www.pipc.go.kr/np/default/agenda.do?op=view&mCode=E030010000&idxId=2025-0040
2024-11-13,제2024-019-245호,2024조총0010 등 2건,비공개,"4,280만 원",과징금 부과기준(2023년 개정 이후),제29조,보통 위반행위,,50,위반기간 2년 초과,80,이득 없음,,,30,시정 완료; 조사 협력,,,https://datalaw.kr/decisions/#mt-2024-019-245,https://www.pipc.go.kr/np/default/agenda.do?op=view&mCode=E030010000&idxId=2024-1123
2024-11-13,제2024-019-244호,2024조총0010 등 2건,비공개,"1억 9,300만 원",과징금 부과기준(2023년 개정 이후),제24조제3항,중대한 위반행위,,50,위반기간 2년 초과,80,이득 없음,,,15,조사 협력,,,https://datalaw.kr/decisions/#mt-2024-019-244,https://www.pipc.go.kr/np/default/agenda.do?op=view&mCode=E030010000&idxId=2024-1123
2024-11-04,제2024-018-242호,"2023조이0115, 2023조이0035",비공개,"959만 1,000 원",舊 정보통신서비스 특례 과징금 기준,제29조,중대한 위반행위,,50,위반기간 2년 초과,50,최근 3년 처분 없음,,,20,조사 협력; 자진 신고,,,https://datalaw.kr/decisions/#mt-2024-018-242,https://www.pipc.go.kr/np/default/agenda.do?op=view&mCode=E030010000&idxId=2024-1089
2024-11-04,제2024-018-241호,"2023조이0115, 2023조이0035",비공개,"5,110만 원",과징금 부과기준(2023년 개정 이후),제29조,중대한 위반행위,,,,30; 15,이득 없음; 중기업·소기업 해당,,,40,시정 완료; 조사 협력; 그 밖에 줄일 필요,,,https://datalaw.kr/decisions/#mt-2024-018-241,https://www.pipc.go.kr/np/default/agenda.do?op=view&mCode=E030010000&idxId=2024-1089
2024-10-23,제2024-017-240호,"2024조이0011, 2024조이0008",㈜일학,"1,800만 원",과징금 부과기준(2023년 개정 이후),제29조,중대한 위반행위,개인정보 유형 중; 고의·과실 중; 부당성 중; 피해규모 중,50,위반기간 2년 초과,80,이득 없음; 중기업·소기업 해당; 비영리법인·공공,,,30,시정 완료; 조사 협력,,,https://datalaw.kr/decisions/#mt-2024-017-240,https://www.pipc.go.kr/np/default/agenda.do?op=view&mCode=E030010000&idxId=2024-1034
2024-10-23,제2024-017-239호,"2024조이0011, 2024조이0008",㈜네오팜,"1억 517만 3,000 원",舊 정보통신서비스 특례 과징금 기준,제29조,중대한 위반행위,,50,위반기간 2년 초과,50,최근 3년 처분 없음,,,20,조사 협력; 자진 신고,,,https://datalaw.kr/decisions/#mt-2024-017-239,https://www.pipc.go.kr/np/default/agenda.do?op=view&mCode=E030010000&idxId=2024-1034
2024-09-25,제2024-016-235호,2024조일0012,비공개,"3억 7,900만 원",과징금 부과기준(2023년 개정 이후),제28조의8,보통 위반행위,개인정보 유형 하; 고의·과실 중; 부당성 중,50,위반기간 2년 초과,,,,,30,조사 협력,,,https://datalaw.kr/decisions/#mt-2024-016-235,https://www.pipc.go.kr/np/default/agenda.do?op=view&mCode=E030010000&idxId=2024-0950
2024-09-25,제2024-016-234호,2024조일0012,비공개,"7억 2,500만 원",과징금 부과기준(2023년 개정 이후),제23조,매우 중대한 위반행위,개인정보 유형 상; 고의·과실 중; 부당성 중,25,위반기간 1년 초과,,,,,30,조사 협력,,,https://datalaw.kr/decisions/#mt-2024-016-234,https://www.pipc.go.kr/np/default/agenda.do?op=view&mCode=E030010000&idxId=2024-0950
2024-09-25,제2024-016-234호,2024조일0012,비공개,"7억 2,500만 원",과징금 부과기준(2023년 개정 이후),제28조의8,보통 위반행위,개인정보 유형 상; 고의·과실 중; 부당성 하,,,,,,,30,조사 협력,,,https://datalaw.kr/decisions/#mt-2024-016-234,https://www.pipc.go.kr/np/default/agenda.do?op=view&mCode=E030010000&idxId=2024-0950
2024-09-25,제2024-016-233호,"2024조총0003, 2023조이0078",비공개,"2억 2,400만 원",과징금 부과기준(2023년 개정 이후),제18조,매우 중대한 위반행위,개인정보 유형 하; 고의·과실 상; 부당성 상; 피해규모 중,50,위반기간 2년 초과,15,,,,,,,,https://datalaw.kr/decisions/#mt-2024-016-233,https://www.pipc.go.kr/np/default/agenda.do?op=view&mCode=E030010000&idxId=2024-0949
2024-09-25,제2024-016-232호,"2024조총0003, 2023조이0078",한국사회복지협의회,"4억 8,300만 원",과징금 부과기준(2023년 개정 이후),제29조,중대한 위반행위,,50,위반기간 2년 초과,30,이득 없음,,,30,시정 완료; 조사 협력,,,https://datalaw.kr/decisions/#mt-2024-016-232,https://www.pipc.go.kr/np/default/agenda.do?op=view&mCode=E030010000&idxId=2024-0949
2024-08-28,제2024-014-198호,2023조이0124 등 4건,비공개,"329만 8,000 원",舊 정보통신서비스 특례 과징금 기준,제29조,보통 위반행위,,50,위반기간 2년 초과,50,최근 3년 처분 없음,,,20,조사 협력; 자진 신고,,,https://datalaw.kr/decisions/#mt-2024-014-198,https://www.pipc.go.kr/np/default/agenda.do?op=view&mCode=E030010000&idxId=2024-0847
2024-08-28,제2024-014-195호,2023조이0124 등 4건,비공개,액수 비공개,舊 정보통신서비스 특례 과징금 기준,제29조,보통 위반행위,,,,50,최근 3년 처분 없음,,,20,조사 협력; 자진 신고,,,https://datalaw.kr/decisions/#mt-2024-014-195,https://www.pipc.go.kr/np/default/agenda.do?op=view&mCode=E030010000&idxId=2024-0847
2024-07-24,제2024-013-192호,2024조일0013,비공개,"19억 7,800만 원",과징금 부과기준(2023년 개정 이후),제28조의8,중대한 위반행위,,50,위반기간 2년 초과,,,20,조사 방해,30,시정 완료,,,https://datalaw.kr/decisions/#mt-2024-013-192,https://www.pipc.go.kr/np/default/agenda.do?op=view&mCode=E030010000&idxId=2024-0761
2024-06-26,제2024-011-188호,2023조이0053,비공개,"6,778만 8,000 원",舊 정보통신서비스 특례 과징금 기준,제29조,중대한 위반행위,,50,위반기간 2년 초과,50,최근 3년 처분 없음,,,20,조사 협력; 자진 신고,,,https://datalaw.kr/decisions/#mt-2024-011-188,https://www.pipc.go.kr/np/default/agenda.do?op=view&mCode=E030010000&idxId=2024-0621
2024-05-22,제2024-009-183호,2023조이0023,비공개,"151억 4,196만 원",舊 정보통신서비스 특례 과징금 기준,제29조,중대한 위반행위,,50,위반기간 2년 초과,50,최근 3년 처분 없음,,,40,조사 협력,,,https://datalaw.kr/decisions/#mt-2024-009-183,https://www.pipc.go.kr/np/default/agenda.do?op=view&mCode=E030010000&idxId=2024-0462
2024-05-08,제2024-008-182호,2023조일0116,(주)골프존,75억 400만 원,과징금 부과기준(2023년 개정 이후),제29조,매우 중대한 위반행위,,50,위반기간 2년 초과,30,이득 없음,,,30,조사 협력,,불수용 2회; 일부수용 1회; 수용 1회,https://datalaw.kr/decisions/#mt-2024-008-182,https://www.pipc.go.kr/np/default/agenda.do?op=view&mCode=E030010000&idxId=2024-0350
2024-03-27,제2024-006-163호,2024조이0016 등 2건,비공개,"6억 1,300만 원",과징금 부과기준(2023년 개정 이후),제29조,,개인정보 유형 하; 고의·과실 중; 부당성 하; 피해규모 하,50,위반기간 2년 초과,30,이득 없음,,,30,조사 협력,,,https://datalaw.kr/decisions/#mt-2024-006-163,https://www.pipc.go.kr/np/default/agenda.do?op=view&mCode=E030010000&idxId=2024-0234
2024-03-13,제2024-005-162호,,비공개,"1,250만 9,000 원",舊 정보통신서비스 특례 과징금 기준,제29조,중대한 위반행위,,50,위반기간 2년 초과,50,최근 3년 처분 없음,,,20,조사 협력; 자진 신고,,,https://datalaw.kr/decisions/#mt-2024-005-162,
2024-03-13,제2024-005-161호,,비공개,"1억 5,219만 7,000 원",舊 정보통신서비스 특례 과징금 기준,제29조,중대한 위반행위,,50,위반기간 2년 초과,50,최근 3년 처분 없음,,,20,조사 협력; 자진 신고,,,https://datalaw.kr/decisions/#mt-2024-005-161,
2024-03-13,제2024-005-160호,,비공개,"1억 7,438만 원",舊 정보통신서비스 특례 과징금 기준,제29조,중대한 위반행위,,50,위반기간 2년 초과,50,최근 3년 처분 없음,,,20,조사 협력; 자진 신고,,,https://datalaw.kr/decisions/#mt-2024-005-160,
2024-02-14,제2024-003-030호,2023조일0051,TAG HEUER branch of LVMH Swiss Manufactures SA,"1억 2,600만 원",舊 정보통신서비스 특례 과징금 기준,제29조,중대한 위반행위,,,,50,최근 3년 처분 없음,,,10,조사 협력,,불수용 2회; 일부수용 1회,https://datalaw.kr/decisions/#mt-2024-003-030,https://www.pipc.go.kr/np/default/agenda.do?op=view&mCode=E030010000&idxId=2024-0116
2023-12-13,제2023-020-244호,2023조이0057 등 2건,㈜스피드옥션,액수 비공개,舊 정보통신서비스 특례 과징금 기준,제29조,중대한 위반행위,,50,위반기간 2년 초과,50,최근 3년 처분 없음,,,20,조사 협력; 자진 신고,,,https://datalaw.kr/decisions/#mt-2023-020-244,https://www.pipc.go.kr/np/default/agenda.do?op=view&mCode=E030010000&idxId=2023-0595
2023-12-13,제2023-020-243호,2023조이0057 등 2건,㈜코다스디자인,액수 비공개,舊 정보통신서비스 특례 과징금 기준,제29조,중대한 위반행위,,50,위반기간 2년 초과,50,최근 3년 처분 없음,,,20,조사 협력; 자진 신고,,,https://datalaw.kr/decisions/#mt-2023-020-243,https://www.pipc.go.kr/np/default/agenda.do?op=view&mCode=E030010000&idxId=2023-0595
2023-11-22,제2023-019-237호,,비공개,"2억 2,789만 8,000 원",舊 정보통신서비스 특례 과징금 기준,제29조,보통 위반행위,,50,위반기간 2년 초과,50,최근 3년 처분 없음,,,20,조사 협력; 자진 신고,,,https://datalaw.kr/decisions/#mt-2023-019-237,
2023-11-08,제2023-018-235호,2023조총0017 등 3건,비공개,"1,250만 원",舊 주민등록번호 유출 과징금 기준,제24조제3항,,,,,50,세부평가 점수,,,50,세부평가 점수,,,https://datalaw.kr/decisions/#mt-2023-018-235,https://www.pipc.go.kr/np/default/agenda.do?op=view&mCode=E030010000&idxId=2023-0529
2023-11-08,제2023-018-234호,2023조총0017 등 3건,비공개,"1,625만 원",舊 주민등록번호 유출 과징금 기준,제24조제3항,,,,,35,세부평가 점수,,,50,세부평가 점수,,,https://datalaw.kr/decisions/#mt-2023-018-234,https://www.pipc.go.kr/np/default/agenda.do?op=view&mCode=E030010000&idxId=2023-0529
2023-10-25,제2023-017-232호,2023조이0020 등 3건,주식회사 와이엘랜드,"1억 5,098만 7,000 원",舊 정보통신서비스 특례 과징금 기준,제29조,중대한 위반행위,,50,위반기간 2년 초과,50,최근 3년 처분 없음,,,20,조사 협력; 자진 신고,,,https://datalaw.kr/decisions/#mt-2023-017-232,https://www.pipc.go.kr/np/default/agenda.do?op=view&mCode=E030010000&idxId=2023-0507
2023-10-25,제2023-017-231호,2023조이0020 등 3건,㈜오브콜스,"3,371만 3,000 원",舊 정보통신서비스 특례 과징금 기준,제29조,중대한 위반행위,,50,위반기간 2년 초과,50,최근 3년 처분 없음,,,20,조사 협력; 자진 신고,,,https://datalaw.kr/decisions/#mt-2023-017-231,https://www.pipc.go.kr/np/default/agenda.do?op=view&mCode=E030010000&idxId=2023-0507
2023-10-25,제2023-017-230호,2023조이0020 등 3건,주식회사 자동차공임나라,"1,250만 9,000 원",舊 정보통신서비스 특례 과징금 기준,제29조,중대한 위반행위,,25,위반기간 1년 초과,50,최근 3년 처분 없음,,,20,조사 협력; 자진 신고,,,https://datalaw.kr/decisions/#mt-2023-017-230,https://www.pipc.go.kr/np/default/agenda.do?op=view&mCode=E030010000&idxId=2023-0507
2023-10-25,제2023-017-216호,2023조일0035,비공개,9억 600만 원,舊 정보통신서비스 특례 과징금 기준,제29조,보통 위반행위,,50,위반기간 2년 초과,50,최근 3년 처분 없음,,,10,조사 협력,,불수용 1회; 일부수용 1회,https://datalaw.kr/decisions/#mt-2023-017-216,https://www.pipc.go.kr/np/default/agenda.do?op=view&mCode=E030010000&idxId=2023-0505
2023-10-11,제2023-016-211호,2022조이0070 등 3건,신일전자㈜,"2억 2,400만 원",舊 정보통신서비스 특례 과징금 기준,제29조,중대한 위반행위,,50,위반기간 2년 초과,50,최근 3년 처분 없음,,,20,조사 협력; 자진 신고,,,https://datalaw.kr/decisions/#mt-2023-016-211,https://www.pipc.go.kr/np/default/agenda.do?op=view&mCode=E030010000&idxId=2023-0455
2023-10-11,제2023-016-210호,2022조이0070 등 3건,슈나이더일렉트릭코리아 주식회사,"799만 6,000 원",舊 정보통신서비스 특례 과징금 기준,제29조,중대한 위반행위,,50,위반기간 2년 초과,50,최근 3년 처분 없음,,,20,조사 협력; 자진 신고,,,https://datalaw.kr/decisions/#mt-2023-016-210,https://www.pipc.go.kr/np/default/agenda.do?op=view&mCode=E030010000&idxId=2023-0455
2023-10-11,제2023-016-207호,2022조총0066 등 6건,비공개,"3,750만 원",舊 주민등록번호 유출 과징금 기준,제24조제3항,,,,,50,세부평가 점수,,,25,인증 보유(ISMS-P 등); 세부평가 점수,,,https://datalaw.kr/decisions/#mt-2023-016-207,https://www.pipc.go.kr/np/default/agenda.do?op=view&mCode=E030010000&idxId=2023-0453
2023-10-11,제2023-016-203호,2022조총0066 등 6건,비공개,"5,750만 원",舊 주민등록번호 유출 과징금 기준,제24조제3항,중대한 위반행위,,,,50,세부평가 점수,,,50,세부평가 점수,,,https://datalaw.kr/decisions/#mt-2023-016-203,https://www.pipc.go.kr/np/default/agenda.do?op=view&mCode=E030010000&idxId=2023-0453
2023-07-26,제2023-013-179호,2023조총0008 등 14건,비공개,"1,250만 원",舊 주민등록번호 유출 과징금 기준,제24조제3항,,,,,50,세부평가 점수,,,50,세부평가 점수,,,https://datalaw.kr/decisions/#mt-2023-013-179,https://www.pipc.go.kr/np/default/agenda.do?op=view&mCode=E030010000&idxId=2023-0397
2023-07-26,제2023-013-178호,2023조총0008 등 14건,비공개,"1,250만 원",舊 주민등록번호 유출 과징금 기준,제24조제3항,,,,,50,세부평가 점수,,,50,세부평가 점수,,,https://datalaw.kr/decisions/#mt-2023-013-178,https://www.pipc.go.kr/np/default/agenda.do?op=view&mCode=E030010000&idxId=2023-0397
2023-07-26,제2023-013-177호,2023조총0008 등 14건,비공개,"1,250만 원",舊 주민등록번호 유출 과징금 기준,제24조제3항,,,,,50,세부평가 점수,,,50,세부평가 점수,,,https://datalaw.kr/decisions/#mt-2023-013-177,https://www.pipc.go.kr/np/default/agenda.do?op=view&mCode=E030010000&idxId=2023-0397
2023-07-26,제2023-013-176호,2023조총0008 등 14건,비공개,"1,250만 원",舊 주민등록번호 유출 과징금 기준,제24조제3항,,,,,50,세부평가 점수,,,50,세부평가 점수,,,https://datalaw.kr/decisions/#mt-2023-013-176,https://www.pipc.go.kr/np/default/agenda.do?op=view&mCode=E030010000&idxId=2023-0397
2023-07-26,제2023-013-175호,2023조총0008 등 14건,비공개,"1,625만 원",舊 주민등록번호 유출 과징금 기준,제24조제3항,,,,,35,세부평가 점수,,,50,세부평가 점수,,,https://datalaw.kr/decisions/#mt-2023-013-175,https://www.pipc.go.kr/np/default/agenda.do?op=view&mCode=E030010000&idxId=2023-0397
2023-07-26,제2023-013-174호,2023조총0008 등 14건,비공개,"1,625만 원",舊 주민등록번호 유출 과징금 기준,제24조제3항,,,,,35,세부평가 점수,,,50,세부평가 점수,,,https://datalaw.kr/decisions/#mt-2023-013-174,https://www.pipc.go.kr/np/default/agenda.do?op=view&mCode=E030010000&idxId=2023-0397
2023-07-26,제2023-013-173호,2023조총0008 등 14건,비공개,"1,625만 원",舊 주민등록번호 유출 과징금 기준,제24조제3항,,,,,35,세부평가 점수,,,50,세부평가 점수,,,https://datalaw.kr/decisions/#mt-2023-013-173,https://www.pipc.go.kr/np/default/agenda.do?op=view&mCode=E030010000&idxId=2023-0397
2023-07-26,제2023-013-172호,2023조총0008 등 14건,비공개,"1,625만 원",舊 주민등록번호 유출 과징금 기준,제24조제3항,,,,,35,세부평가 점수,,,50,인증 보유(ISMS-P 등); 세부평가 점수,,,https://datalaw.kr/decisions/#mt-2023-013-172,https://www.pipc.go.kr/np/default/agenda.do?op=view&mCode=E030010000&idxId=2023-0397
2023-07-26,제2023-013-171호,2023조총0008 등 14건,비공개,"1,625만 원",舊 주민등록번호 유출 과징금 기준,제24조제3항,,,,,35,세부평가 점수,,,50,세부평가 점수,,,https://datalaw.kr/decisions/#mt-2023-013-171,https://www.pipc.go.kr/np/default/agenda.do?op=view&mCode=E030010000&idxId=2023-0397
2023-07-26,제2023-013-170호,2023조총0008 등 14건,비공개,"2,000만 원",舊 주민등록번호 유출 과징금 기준,제24조제3항,,,,,20,세부평가 점수,,,50,인증 보유(ISMS-P 등); 세부평가 점수,,,https://datalaw.kr/decisions/#mt-2023-013-170,https://www.pipc.go.kr/np/default/agenda.do?op=view&mCode=E030010000&idxId=2023-0397
2023-07-26,제2023-013-155호,2021조일0028,비공개,액수 비공개,舊 정보통신서비스 특례 과징금 기준,정보통신망법 제22조,중대한 위반행위,,50,위반기간 2년 초과,,최근 3년 처분 없음,,,,,,,https://datalaw.kr/decisions/#mt-2023-013-155,https://www.pipc.go.kr/np/default/agenda.do?op=view&mCode=E030010000&idxId=2023-0378
2023-07-26,제2023-013-154호,2021조일0028,비공개,액수 비공개,舊 정보통신서비스 특례 과징금 기준,정보통신망법 제22조,중대한 위반행위,,50,위반기간 2년 초과; 위반 횟수,,,,,,,,,https://datalaw.kr/decisions/#mt-2023-013-154,https://www.pipc.go.kr/np/default/agenda.do?op=view&mCode=E030010000&idxId=2023-0378
2023-07-12,제2023-012-153호,2023조이0003,㈜엘지유플러스,"68억 45만 2,000 원",舊 정보통신서비스 특례 과징금 기준,제29조,중대한 위반행위,,50,위반기간 2년 초과,,,,,30,자진 신고,,,https://datalaw.kr/decisions/#mt-2023-012-153,https://www.pipc.go.kr/np/default/agenda.do?op=view&mCode=E030010000&idxId=2023-0347
2023-06-28,제2023-011-116호,2022조이0028,㈜자비스앤빌런즈,"8억 5,410만 6,000 원",舊 정보통신서비스 특례 과징금 기준,제17조,중대한 위반행위,,50; 50; 50,위반기간 2년 초과,50; 50; 50,최근 3년 처분 없음,,,20; 20; 20,조사 협력; 자진 신고,,,https://datalaw.kr/decisions/#mt-2023-011-116,https://www.pipc.go.kr/np/default/agenda.do?op=view&mCode=E030010000&idxId=2023-0322
2023-06-28,제2023-011-115호,,비공개,액수 비공개,舊 정보통신서비스 특례 과징금 기준,제23조,,,50,위반기간 2년 초과,50,최근 3년 처분 없음,,,20,조사 협력; 자진 신고,,,https://datalaw.kr/decisions/#mt-2023-011-115,
2023-06-28,제2023-011-114호,2021조이0043 등 2건,비공개,액수 비공개,舊 정보통신서비스 특례 과징금 기준,제29조,보통 위반행위,,,,50,최근 3년 처분 없음,,,20,조사 협력; 자진 신고,,,https://datalaw.kr/decisions/#mt-2023-011-114,https://www.pipc.go.kr/np/default/agenda.do?op=view&mCode=E030010000&idxId=2023-0321
2023-06-28,제2023-006-056호,"2022조일0069, 2022조이0052",비공개,"11억 3,178만 6,000 원",舊 정보통신서비스 특례 과징금 기준,제29조,보통 위반행위,,,,50,최근 3년 처분 없음,,,,조사 협력; 자진 신고,,,https://datalaw.kr/decisions/#mt-2023-006-056,https://www.pipc.go.kr/np/default/agenda.do?op=view&mCode=E030010000&idxId=2023-0320
2023-06-14,제2023-010-112호,,비공개,액수 비공개,舊 정보통신서비스 특례 과징금 기준,정보통신망법 제28조제1항,보통 위반행위,,,,50,최근 3년 처분 없음,,,20,조사 협력; 자진 신고,,,https://datalaw.kr/decisions/#mt-2023-010-112,
2023-06-14,제2023-010-111호,,비공개,액수 비공개,舊 정보통신서비스 특례 과징금 기준,제29조,중대한 위반행위,,,,50,최근 3년 처분 없음,,,20,조사 협력; 자진 신고,,,https://datalaw.kr/decisions/#mt-2023-010-111,
2023-06-14,제2023-010-110호,,비공개,액수 비공개,舊 정보통신서비스 특례 과징금 기준,제29조,보통 위반행위,,,,50,최근 3년 처분 없음,,,20,조사 협력; 자진 신고,,,https://datalaw.kr/decisions/#mt-2023-010-110,
2023-06-14,제2023-010-108호,2022조이0086 등 3건,비공개,액수 비공개,舊 정보통신서비스 특례 과징금 기준,제29조,중대한 위반행위,,50,위반기간 2년 초과,50,최근 3년 처분 없음,,,20,조사 협력; 자진 신고,,,https://datalaw.kr/decisions/#mt-2023-010-108,https://www.pipc.go.kr/np/default/agenda.do?op=view&mCode=E030010000&idxId=2023-0270
2023-06-14,제2023-010-107호,2022조이0086 등 3건,비공개,액수 비공개,舊 정보통신서비스 특례 과징금 기준,제29조,보통 위반행위,,,,50,최근 3년 처분 없음,,,50,조사 협력; 자진 신고,,,https://datalaw.kr/decisions/#mt-2023-010-107,https://www.pipc.go.kr/np/default/agenda.do?op=view&mCode=E030010000&idxId=2023-0270
2023-05-24,제2023-009-095호,,비공개,액수 비공개,舊 정보통신서비스 특례 과징금 기준,제29조,보통 위반행위,,,,50,최근 3년 처분 없음,,,20,조사 협력; 자진 신고,,,https://datalaw.kr/decisions/#mt-2023-009-095,
2023-05-10,제2023-008-074호,202301조총0001 등 14건,비공개,"2,500만 원",舊 주민등록번호 유출 과징금 기준,제24조제3항,,,,,50,세부평가 점수,,,50,세부평가 점수,,,https://datalaw.kr/decisions/#mt-2023-008-074,https://www.pipc.go.kr/np/default/agenda.do?op=view&mCode=E030010000&idxId=2023-0226
2023-05-10,제2023-008-072호,2021조총0037 등 2건,비공개,"7,475만 원",舊 주민등록번호 유출 과징금 기준,귀속 미확정,중대한 위반행위,,,,35,세부평가 점수,,,50,세부평가 점수,,,https://datalaw.kr/decisions/#mt-2023-008-072,https://www.pipc.go.kr/np/default/agenda.do?op=view&mCode=E030010000&idxId=2023-0227
2023-04-26,제2023-007-068호,2022조일0037 등 4건,비공개,"4,875만 원",舊 주민등록번호 유출 과징금 기준,제24조제3항,,,,,35,,,,25,조사 협력; 최근 3년 처분 없음,1차,,https://datalaw.kr/decisions/#mt-2023-007-068,https://www.pipc.go.kr/np/default/agenda.do?op=view&mCode=E030010000&idxId=2023-0185
2023-04-12,제2023-006-065호,2022조이0038 등 10건,비공개,액수 비공개,舊 정보통신서비스 특례 과징금 기준,제22조제6항,중대한 위반행위,,50,위반기간 2년 초과,50,최근 3년 처분 없음,,,10,조사 협력,,,https://datalaw.kr/decisions/#mt-2023-006-065,https://www.pipc.go.kr/np/default/agenda.do?op=view&mCode=E030010000&idxId=2023-0182
2023-04-12,제2023-006-064호,2022조이0038 등 10건,비공개,액수 비공개,舊 정보통신서비스 특례 과징금 기준,제22조제6항,중대한 위반행위,,50,위반기간 2년 초과,50,최근 3년 처분 없음,,,10,조사 협력,,,https://datalaw.kr/decisions/#mt-2023-006-064,https://www.pipc.go.kr/np/default/agenda.do?op=view&mCode=E030010000&idxId=2023-0182
2023-04-12,제2023-006-063호,2022조이0038 등 10건,비공개,액수 비공개,舊 정보통신서비스 특례 과징금 기준,제22조제6항,중대한 위반행위,,25,위반기간 1년 초과,50,최근 3년 처분 없음,,,10,조사 협력,,,https://datalaw.kr/decisions/#mt-2023-006-063,https://www.pipc.go.kr/np/default/agenda.do?op=view&mCode=E030010000&idxId=2023-0182
2023-04-12,제2023-006-062호,2022조이0038 등 10건,비공개,액수 비공개,舊 정보통신서비스 특례 과징금 기준,제22조제6항,중대한 위반행위,,50,위반기간 2년 초과,50,최근 3년 처분 없음,,,10,조사 협력,,,https://datalaw.kr/decisions/#mt-2023-006-062,https://www.pipc.go.kr/np/default/agenda.do?op=view&mCode=E030010000&idxId=2023-0182
2023-04-12,제2023-006-059호,2022조이0038 등 10건,비공개,액수 비공개,舊 정보통신서비스 특례 과징금 기준,제29조,중대한 위반행위,,,,,,,,20,조사 협력; 자진 신고,,,https://datalaw.kr/decisions/#mt-2023-006-059,https://www.pipc.go.kr/np/default/agenda.do?op=view&mCode=E030010000&idxId=2023-0182
2023-04-12,제2023-006-058호,2022조이0038 등 10건,비공개,액수 비공개,舊 정보통신서비스 특례 과징금 기준,제29조,보통 위반행위,,50,위반기간 2년 초과,,,,,20,조사 협력; 자진 신고,,,https://datalaw.kr/decisions/#mt-2023-006-058,https://www.pipc.go.kr/np/default/agenda.do?op=view&mCode=E030010000&idxId=2023-0182
2023-03-08,제2023-004-036호,2022조이0069 등 4건,비공개,액수 비공개,舊 정보통신서비스 특례 과징금 기준,제29조,중대한 위반행위,,,,50,최근 3년 처분 없음,,,20,조사 협력; 자진 신고,,,https://datalaw.kr/decisions/#mt-2023-004-036,https://www.pipc.go.kr/np/default/agenda.do?op=view&mCode=E030010000&idxId=2023-0108
2023-03-08,제2023-004-035호,2022조이0069 등 4건,비공개,액수 비공개,舊 정보통신서비스 특례 과징금 기준,제29조,중대한 위반행위,,,,50,최근 3년 처분 없음,,,20,조사 협력; 자진 신고,,,https://datalaw.kr/decisions/#mt-2023-004-035,https://www.pipc.go.kr/np/default/agenda.do?op=view&mCode=E030010000&idxId=2023-0108
2023-03-08,제2023-004-034호,2022조이0069 등 4건,비공개,액수 비공개,舊 정보통신서비스 특례 과징금 기준,제29조,중대한 위반행위,,50,위반기간 2년 초과,50,최근 3년 처분 없음,,,20,조사 협력; 자진 신고,,,https://datalaw.kr/decisions/#mt-2023-004-034,https://www.pipc.go.kr/np/default/agenda.do?op=view&mCode=E030010000&idxId=2023-0108
2022-12-14,제2022-020-180호,,비공개,"413만 8,000 원",舊 정보통신서비스 특례 과징금 기준,제29조,중대한 위반행위,,,,50,최근 3년 처분 없음,,,,조사 협력; 자진 신고,,,https://datalaw.kr/decisions/#mt-2022-020-180,
2022-09-28,제2022-016-137호,,비공개,액수 비공개,舊 정보통신서비스 특례 과징금 기준,제29조,중대한 위반행위,,25,위반기간 1년 초과,50,최근 3년 처분 없음,,,20,조사 협력; 자진 신고,,,https://datalaw.kr/decisions/#mt-2022-016-137,
2022-09-14,제2022-014-105호,2021조일0028,"Meta Platforms, Inc.",308억 600만 원,舊 정보통신서비스 특례 과징금 기준,제39조의3제1항,중대한 위반행위,,50; 3,위반기간 2년 초과,,,,,,,,,https://datalaw.kr/decisions/#mt-2022-014-105,
2022-09-14,제2022-014-104호,2021조일0028,Google Limited Liability Company,"692억 4,100만 원",舊 정보통신서비스 특례 과징금 기준,제39조의3제1항,중대한 위반행위,,50,위반기간 2년 초과,50,최근 3년 처분 없음,,,,,,,https://datalaw.kr/decisions/#mt-2022-014-104,https://www.pipc.go.kr/np/default/agenda.do?op=view&mCode=E030010000&idxId=2022-0479
2022-07-13,제2022-012-087호,2021조이0162 등 2건,비공개,액수 비공개,舊 정보통신서비스 특례 과징금 기준,제29조,중대한 위반행위,,,,50,최근 3년 처분 없음,,,20,조사 협력; 자진 신고,,,https://datalaw.kr/decisions/#mt-2022-012-087,https://www.pipc.go.kr/np/default/agenda.do?op=view&mCode=E030010000&idxId=2022-0290
2022-06-08,제2022-010-063호,,비공개,액수 비공개,舊 정보통신서비스 특례 과징금 기준,정보통신망법 제28조,중대한 위반행위,,,,50,최근 3년 처분 없음,,,20,자진 신고,,,https://datalaw.kr/decisions/#mt-2022-010-063,
2022-05-11,제2022-008-049호,2020조이0024 등 5건,비공개,액수 비공개,舊 정보통신서비스 특례 과징금 기준,제29조,중대한 위반행위,,,,50,최근 3년 처분 없음,,,,조사 협력; 자진 신고,,,https://datalaw.kr/decisions/#mt-2022-008-049,https://www.pipc.go.kr/np/default/agenda.do?op=view&mCode=E030010000&idxId=2022-0188
2022-05-11,제2022-008-048호,2020조이0024 등 5건,비공개,액수 비공개,舊 정보통신서비스 특례 과징금 기준,정보통신망법 제28조,보통 위반행위,,50,위반기간 2년 초과,50,최근 3년 처분 없음,,,,조사 협력; 자진 신고,,,https://datalaw.kr/decisions/#mt-2022-008-048,https://www.pipc.go.kr/np/default/agenda.do?op=view&mCode=E030010000&idxId=2022-0188
2022-03-23,제2022-005-018호,2021조일0063 등 12건,성보공업(주),"1,250만 원",舊 주민등록번호 유출 과징금 기준,제24조의2제2항,,,,,50,,,,50,조사 협력; 최근 3년 처분 없음,1차,,https://datalaw.kr/decisions/#mt-2022-005-018,https://www.pipc.go.kr/np/default/agenda.do?op=view&mCode=E030010000&idxId=2022-0123
2022-03-23,제2022-005-017호,2019조일0006 등 4건,㈜하우빌드,590만 원,舊 정보통신서비스 특례 과징금 기준,귀속 미확정,,,,,50,최근 3년 처분 없음,,,30,조사 협력; 자진 신고,,,https://datalaw.kr/decisions/#mt-2022-005-017,https://www.pipc.go.kr/np/default/agenda.do?op=view&mCode=E030010000&idxId=2022-0122
2022-03-23,제2022-005-015호,2019조일0006 등 4건,Zynga Game Ireland Limited,530만 원,舊 방송통신위원회 과징금 기준,정보통신망법 제28조제1항,보통 위반행위,,,,50,최근 3년 처분 없음,,,30,조사 협력; 자진 신고,,,https://datalaw.kr/decisions/#mt-2022-005-015,https://www.pipc.go.kr/np/default/agenda.do?op=view&mCode=E030010000&idxId=2022-0122
2022-02-23,제2022-004-013호,2021조이0152,비공개,"1억 2,979만 원",舊 정보통신서비스 특례 과징금 기준,제23조,매우 중대한 위반행위,,50,위반기간 2년 초과,50,최근 3년 처분 없음,,,20,조사 협력; 자진 신고,,,https://datalaw.kr/decisions/#mt-2022-004-013,https://www.pipc.go.kr/np/default/agenda.do?op=view&mCode=E030010000&idxId=2022-0079
2021-08-25,제2021-013-103호,2021조일035,비공개,"2억 2,400만 원",舊 정보통신서비스 특례 과징금 기준,제39조의3제1항,중대한 위반행위,,50,위반기간 2년 초과,50,최근 3년 처분 없음,,,20,시정 완료; 조사 협력,,,https://datalaw.kr/decisions/#mt-2021-013-103,https://www.pipc.go.kr/np/default/agenda.do?op=view&mCode=E030010000&idxId=2021-0482
2021-08-25,제2021-013-101호,2021조일033,Facebook Incorporation,"64억 4,300만 원",舊 정보통신서비스 특례 과징금 기준,정보통신망법 제22조제1항,보통 위반행위,,25,위반기간 1년 초과,50; 50,최근 3년 처분 없음,,,,,,,https://datalaw.kr/decisions/#mt-2021-013-101,https://www.pipc.go.kr/np/default/agenda.do?op=view&mCode=E030010000&idxId=2021-0482
